"--large-name101--","TaskDeploymentDescriptor(JobID,String,JobVertexID,ExecutionAttemptID,SerializedValue<ExecutionConfig>,String,int,int,int,int,Configuration,Configuration,String,List<ResultPartitionDeploymentDescriptor>,List<InputGateDeploymentDescriptor>,List<BlobKey>,List<URL>,int,ChainedStateHandle<StreamStateHandle>,List<KeyGroupsStateHandle>,List<Collection<OperatorStateHandle>>)"
"--large-name91--","Kafka08Fetcher(SourceContext<T>,List<KafkaTopicPartition>,SerializedValue<AssignerWithPeriodicWatermarks<T>>,SerializedValue<AssignerWithPunctuatedWatermarks<T>>,StreamingRuntimeContext,KeyedDeserializationSchema<T>,Properties,long,long,boolean)"
"--large-name38--","ReusingBuildFirstReOpenableHashMatchIterator(MutableObjectIterator<V1>,MutableObjectIterator<V2>,TypeSerializer<V1>,TypeComparator<V1>,TypeSerializer<V2>,TypeComparator<V2>,TypePairComparator<V2,V1>,MemoryManager,IOManager,AbstractInvokable,double,boolean)"
"--large-name67--","EvictingNonKeyedWindowOperator(WindowAssigner<? super IN,W>,TypeSerializer<W>,WindowBufferFactory<? super IN,? extends EvictingWindowBuffer<IN>>,AllWindowFunction<Iterable<IN>,OUT,W>,Trigger<? super IN,? super W>,Evictor<? super IN,? super W>)"
"--large-name1--","SortMergeCoGroupIterator(MemoryManager,IOManager,MutableObjectIterator<T1>,MutableObjectIterator<T2>,TypeSerializer<T1>,TypeComparator<T1>,TypeSerializer<T2>,TypeComparator<T2>,TypePairComparator<T1,T2>,long,int,float,LocalStrategy,AbstractTask)"
"--large-name47--","NonReusingBuildSecondHashJoinIterator(MutableObjectIterator<V1>,MutableObjectIterator<V2>,TypeSerializer<V1>,TypeComparator<V1>,TypeSerializer<V2>,TypeComparator<V2>,TypePairComparator<V1,V2>,MemoryManager,IOManager,AbstractInvokable,double,boolean,boolean)"
"--large-name93--","TestingYarnFlinkResourceManager(Configuration,YarnConfiguration,LeaderRetrievalService,String,String,ContaineredTaskManagerParameters,ContainerLaunchContext,int,int,int,YarnResourceManagerCallbackHandler,AMRMClientAsync<AMRMClient.ContainerRequest>,NMClient)"
"--large-name78--","TaskDeploymentDescriptor(JobID,String,JobVertexID,ExecutionAttemptID,SerializedValue<ExecutionConfig>,String,int,int,int,Configuration,Configuration,String,List<ResultPartitionDeploymentDescriptor>,List<InputGateDeploymentDescriptor>,List<BlobKey>,List<URL>,int)"
"--large-name66--","ReusingBuildSecondReOpenableHashJoinIterator(MutableObjectIterator<V1>,MutableObjectIterator<V2>,TypeSerializer<V1>,TypeComparator<V1>,TypeSerializer<V2>,TypeComparator<V2>,TypePairComparator<V1,V2>,MemoryManager,IOManager,AbstractInvokable,double,boolean,boolean,boolean)"
"--large-name23--","ReusingBuildSecondReOpenableHashMatchIterator(MutableObjectIterator<V1>,MutableObjectIterator<V2>,TypeSerializer<V1>,TypeComparator<V1>,TypeSerializer<V2>,TypeComparator<V2>,TypePairComparator<V1,V2>,MemoryManager,IOManager,AbstractInvokable,double)"
"--large-name29--","RuntimeEnvironment(JobID,JobVertexID,ExecutionAttemptID,String,String,int,int,Configuration,Configuration,ClassLoader,MemoryManager,IOManager,BroadcastVariableManager,AccumulatorRegistry,InputSplitProvider,Map<String,Future<Path>>,ResultPartitionWriter[],InputGate[],ActorGateway,TaskManagerRuntimeInfo)"
"--large-name26--","RuntimeEnvironment(JobID,JobVertexID,ExecutionAttemptID,String,String,int,int,Configuration,Configuration,ClassLoader,MemoryManager,IOManager,BroadcastVariableManager,AccumulatorRegistry,InputSplitProvider,Map<String,Future<Path>>,ResultPartitionWriter[],InputGate[],ActorRef)"
"--large-name61--","NonReusingBuildSecondHashJoinIterator(MutableObjectIterator<V1>,MutableObjectIterator<V2>,TypeSerializer<V1>,TypeComparator<V1>,TypeSerializer<V2>,TypeComparator<V2>,TypePairComparator<V1,V2>,MemoryManager,IOManager,AbstractInvokable,double,boolean,boolean,boolean)"
"--large-name52--","ReusingBuildSecondReOpenableHashJoinIterator(MutableObjectIterator<V1>,MutableObjectIterator<V2>,TypeSerializer<V1>,TypeComparator<V1>,TypeSerializer<V2>,TypeComparator<V2>,TypePairComparator<V1,V2>,MemoryManager,IOManager,AbstractInvokable,double,boolean,boolean)"
"--large-name3--","SortMergeMatchIterator(MutableObjectIterator<T1>,MutableObjectIterator<T2>,TypeSerializer<T1>,TypeComparator<T1>,TypeSerializer<T2>,TypeComparator<T2>,TypePairComparator<T1,T2>,MemoryManager,IOManager,long,int,float,float,LocalStrategy,AbstractTask)"
"--large-name83--","verifyResultsDataDiscardingUponRestore(OneInputStreamTaskTestHarness<Tuple3<String,Integer,Integer>,Tuple3<String,Integer,Integer>>,OneInputStreamTask<Tuple3<String,Integer,Integer>,Tuple3<String,Integer,Integer>>,CassandraIdempotentExactlyOnceSink<Tuple3<String,Integer,Integer>>)"
"--large-name81--","RuntimeEnvironment(JobID,JobVertexID,ExecutionAttemptID,ExecutionConfig,TaskInfo,Configuration,Configuration,ClassLoader,MemoryManager,IOManager,BroadcastVariableManager,AccumulatorRegistry,InputSplitProvider,Map<String,Future<Path>>,ResultPartitionWriter[],InputGate[],ActorGateway,TaskManagerRuntimeInfo,Task,TaskMetricGroup)"
"--large-name64--","ReusingBuildFirstReOpenableHashJoinIterator(MutableObjectIterator<V1>,MutableObjectIterator<V2>,TypeSerializer<V1>,TypeComparator<V1>,TypeSerializer<V2>,TypeComparator<V2>,TypePairComparator<V2,V1>,MemoryManager,IOManager,AbstractInvokable,double,boolean,boolean,boolean)"
"--large-name86--","verifyResultsDataDiscardingUponRestore(OneInputStreamTaskTestHarness<Tuple3<String,Integer,Integer>,Tuple3<String,Integer,Integer>>,OneInputStreamTask<Tuple3<String,Integer,Integer>,Tuple3<String,Integer,Integer>>,CassandraTupleWriteAheadSink<Tuple3<String,Integer,Integer>>)"
"--large-name6--","SortMergeCoGroupIterator(MemoryManager,IOManager,MutableObjectIterator<T1>,MutableObjectIterator<T2>,TypeSerializer<T1>,TypeComparator<T1>,TypeSerializer<T2>,TypeComparator<T2>,TypePairComparator<T1,T2>,long,int,float,LocalStrategy,AbstractInvokable)"
"--large-name32--","ReusingMergeOuterJoinIterator(OuterJoinType,MutableObjectIterator<T1>,MutableObjectIterator<T2>,TypeSerializer<T1>,TypeComparator<T1>,TypeSerializer<T2>,TypeComparator<T2>,TypePairComparator<T1,T2>,MemoryManager,IOManager,int,AbstractInvokable)"
"--large-name9--","User(java.lang.CharSequence,java.lang.Integer,java.lang.CharSequence,java.lang.Long,java.lang.Object,java.lang.Object,java.lang.Object,java.util.List<java.lang.CharSequence>,java.util.List<java.lang.Boolean>,java.util.List<java.lang.CharSequence>,eu.stratosphere.api.java.record.io.avro.generated.Colors,java.util.Map<java.lang.CharSequence,java.lang.Long>)"
"--large-name68--","EvictingWindowOperator(WindowAssigner<? super IN,W>,TypeSerializer<W>,KeySelector<IN,K>,TypeSerializer<K>,StateDescriptor<? extends ListState<StreamRecord<IN>>>,WindowFunction<Iterable<IN>,OUT,K,W>,Trigger<? super IN,? super W>,Evictor<? super IN,? super W>)"
"--large-name92--","YarnFlinkResourceManager(Configuration,YarnConfiguration,LeaderRetrievalService,String,String,ContaineredTaskManagerParameters,ContainerLaunchContext,int,int,int,YarnResourceManagerCallbackHandler,AMRMClientAsync<AMRMClient.ContainerRequest>,NMClient)"
"--large-name5--","SortMergeCoGroupIterator(MemoryManager,IOManager,MutableObjectIterator<T1>,MutableObjectIterator<T2>,TypeSerializer<T1>,TypeComparator<T1>,TypeComparator<T1>,TypeSerializer<T2>,TypeComparator<T2>,TypeComparator<T2>,TypePairComparator<T1,T2>,long,int,float,LocalStrategy,AbstractInvokable)"
"--large-name77--","TaskDeploymentDescriptor(JobID,JobVertexID,ExecutionAttemptID,SerializedValue<ExecutionConfig>,String,int,int,int,Configuration,Configuration,String,List<ResultPartitionDeploymentDescriptor>,List<InputGateDeploymentDescriptor>,List<BlobKey>,List<URL>,int,SerializedValue<StateHandle<?>>,long)"
"--large-name48--","NonReusingBuildSecondReOpenableHashJoinIterator(MutableObjectIterator<V1>,MutableObjectIterator<V2>,TypeSerializer<V1>,TypeComparator<V1>,TypeSerializer<V2>,TypeComparator<V2>,TypePairComparator<V1,V2>,MemoryManager,IOManager,AbstractInvokable,double,boolean,boolean)"
"--large-name35--","NonReusingBuildSecondHashMatchIterator(MutableObjectIterator<V1>,MutableObjectIterator<V2>,TypeSerializer<V1>,TypeComparator<V1>,TypeSerializer<V2>,TypeComparator<V2>,TypePairComparator<V1,V2>,MemoryManager,IOManager,AbstractInvokable,double,boolean)"
"--large-name97--","TaskDeploymentDescriptor(JobID,String,JobVertexID,ExecutionAttemptID,SerializedValue<ExecutionConfig>,String,int,int,int,int,Configuration,Configuration,String,List<ResultPartitionDeploymentDescriptor>,List<InputGateDeploymentDescriptor>,List<BlobKey>,List<URL>,int,ChainedStateHandle<StreamStateHandle>,List<KeyGroupsStateHandle>)"
"--large-name45--","NonReusingBuildFirstHashJoinIterator(MutableObjectIterator<V1>,MutableObjectIterator<V2>,TypeSerializer<V1>,TypeComparator<V1>,TypeSerializer<V2>,TypeComparator<V2>,TypePairComparator<V2,V1>,MemoryManager,IOManager,AbstractInvokable,double,boolean,boolean)"
"--large-name58--","RuntimeEnvironment(ApplicationID,JobID,JobVertexID,ExecutionAttemptID,TaskInfo,Configuration,Configuration,ClassLoader,MemoryManager,IOManager,BroadcastVariableManager,AccumulatorRegistry,InputSplitProvider,Map<String,Future<Path>>,ResultPartitionWriter[],InputGate[],ActorGateway,TaskManagerRuntimeInfo)"
"--large-name56--","RuntimeEnvironment(JobID,JobVertexID,ExecutionAttemptID,TaskInfo,Configuration,Configuration,ClassLoader,MemoryManager,IOManager,BroadcastVariableManager,AccumulatorRegistry,InputSplitProvider,Map<String,Future<Path>>,ResultPartitionWriter[],InputGate[],ActorGateway,TaskManagerRuntimeInfo)"
"--large-name79--","TaskDeploymentDescriptor(JobID,String,JobVertexID,ExecutionAttemptID,SerializedValue<ExecutionConfig>,String,int,int,int,Configuration,Configuration,String,List<ResultPartitionDeploymentDescriptor>,List<InputGateDeploymentDescriptor>,List<BlobKey>,List<URL>,int,SerializedValue<StateHandle<?>>,long)"
"--large-name12--","types(Class<T0>,Class<T1>,Class<T2>,Class<T3>,Class<T4>,Class<T5>,Class<T6>,Class<T7>,Class<T8>,Class<T9>,Class<T10>,Class<T11>,Class<T12>,Class<T13>,Class<T14>,Class<T15>,Class<T16>,Class<T17>,Class<T18>,Class<T19>,Class<T20>,Class<T21>,Class<T22>,Class<T23>)"
"--large-name95--","TaskDeploymentDescriptor(JobID,String,JobVertexID,ExecutionAttemptID,SerializedValue<ExecutionConfig>,String,int,int,int,Configuration,Configuration,String,List<ResultPartitionDeploymentDescriptor>,List<InputGateDeploymentDescriptor>,List<BlobKey>,List<URL>,int,ChainedStateHandle<StreamStateHandle>,List<KeyGroupsStateHandle>)"
"--large-name36--","NonReusingBuildSecondReOpenableHashMatchIterator(MutableObjectIterator<V1>,MutableObjectIterator<V2>,TypeSerializer<V1>,TypeComparator<V1>,TypeSerializer<V2>,TypeComparator<V2>,TypePairComparator<V1,V2>,MemoryManager,IOManager,AbstractInvokable,double,boolean)"
"--large-name50--","ReusingBuildFirstReOpenableHashJoinIterator(MutableObjectIterator<V1>,MutableObjectIterator<V2>,TypeSerializer<V1>,TypeComparator<V1>,TypeSerializer<V2>,TypeComparator<V2>,TypePairComparator<V2,V1>,MemoryManager,IOManager,AbstractInvokable,double,boolean,boolean)"
"--large-name13--","types(Class<T0>,Class<T1>,Class<T2>,Class<T3>,Class<T4>,Class<T5>,Class<T6>,Class<T7>,Class<T8>,Class<T9>,Class<T10>,Class<T11>,Class<T12>,Class<T13>,Class<T14>,Class<T15>,Class<T16>,Class<T17>,Class<T18>,Class<T19>,Class<T20>,Class<T21>,Class<T22>,Class<T23>,Class<T24>)"
"--large-name21--","NonReusingBuildSecondReOpenableHashMatchIterator(MutableObjectIterator<V1>,MutableObjectIterator<V2>,TypeSerializer<V1>,TypeComparator<V1>,TypeSerializer<V2>,TypeComparator<V2>,TypePairComparator<V1,V2>,MemoryManager,IOManager,AbstractInvokable,double)"
"--large-name43--","getNonReusingOuterJoinIterator(DriverStrategy,MutableObjectIterator<IT1>,MutableObjectIterator<IT2>,TypeSerializer<IT1>,TypeComparator<IT1>,TypeSerializer<IT2>,TypeComparator<IT2>,TypePairComparatorFactory<IT1,IT2>,MemoryManager,IOManager,double)"
"--large-name16--","User(java.lang.CharSequence,java.lang.Integer,java.lang.CharSequence,java.lang.Long,java.lang.Object,java.lang.Object,java.lang.Object,java.util.List<java.lang.CharSequence>,java.util.List<java.lang.Boolean>,java.util.List<java.lang.CharSequence>,org.apache.flink.api.java.record.io.avro.generated.Colors,java.util.Map<java.lang.CharSequence,java.lang.Long>)"
"--large-name34--","NonReusingBuildFirstReOpenableHashMatchIterator(MutableObjectIterator<V1>,MutableObjectIterator<V2>,TypeSerializer<V1>,TypeComparator<V1>,TypeSerializer<V2>,TypeComparator<V2>,TypePairComparator<V2,V1>,MemoryManager,IOManager,AbstractInvokable,double,boolean)"
"--large-name33--","NonReusingBuildFirstHashMatchIterator(MutableObjectIterator<V1>,MutableObjectIterator<V2>,TypeSerializer<V1>,TypeComparator<V1>,TypeSerializer<V2>,TypeComparator<V2>,TypePairComparator<V2,V1>,MemoryManager,IOManager,AbstractInvokable,double,boolean)"
"--large-name87--","verifyResultsDataPersistenceUponMissedNotify(OneInputStreamTaskTestHarness<Tuple3<String,Integer,Integer>,Tuple3<String,Integer,Integer>>,OneInputStreamTask<Tuple3<String,Integer,Integer>,Tuple3<String,Integer,Integer>>,CassandraTupleWriteAheadSink<Tuple3<String,Integer,Integer>>)"
"--large-name73--","RuntimeEnvironment(JobID,JobVertexID,ExecutionAttemptID,ExecutionConfig,TaskInfo,Configuration,Configuration,ClassLoader,MemoryManager,IOManager,BroadcastVariableManager,AccumulatorRegistry,InputSplitProvider,Map<String,Future<Path>>,ResultPartitionWriter[],InputGate[],ActorGateway,TaskManagerRuntimeInfo)"
"--large-name82--","RuntimeEnvironment(JobID,JobVertexID,ExecutionAttemptID,ExecutionConfig,TaskInfo,Configuration,Configuration,ClassLoader,MemoryManager,IOManager,BroadcastVariableManager,AccumulatorRegistry,InputSplitProvider,Map<String,Future<Path>>,ResultPartitionWriter[],InputGate[],ActorGateway,TaskManagerRuntimeInfo,TaskMetricGroup,Task)"
"--large-name60--","NonReusingBuildFirstReOpenableHashJoinIterator(MutableObjectIterator<V1>,MutableObjectIterator<V2>,TypeSerializer<V1>,TypeComparator<V1>,TypeSerializer<V2>,TypeComparator<V2>,TypePairComparator<V2,V1>,MemoryManager,IOManager,AbstractInvokable,double,boolean,boolean,boolean)"
"--large-name17--","User(java.lang.CharSequence,java.lang.Integer,java.lang.CharSequence,java.lang.Long,java.lang.Object,java.lang.Object,java.lang.Object,java.util.List<java.lang.CharSequence>,java.util.List<java.lang.Boolean>,java.util.List<java.lang.CharSequence>,org.apache.flink.api.io.avro.generated.Colors,java.util.Map<java.lang.CharSequence,java.lang.Long>)"
"--large-name70--","EvictingWindowOperator(WindowAssigner<? super IN,W>,TypeSerializer<W>,KeySelector<IN,K>,TypeSerializer<K>,StateDescriptor<? extends ListState<StreamRecord<IN>>,?>,InternalWindowFunction<Iterable<IN>,OUT,K,W>,Trigger<? super IN,? super W>,Evictor<? super IN,? super W>)"
"--large-name71--","EvictingNonKeyedWindowOperator(WindowAssigner<? super IN,W>,TypeSerializer<W>,WindowBufferFactory<? super IN,ACC,? extends EvictingWindowBuffer<IN,ACC>>,AllWindowFunction<ACC,OUT,W>,Trigger<? super IN,? super W>,Evictor<? super IN,? super W>)"
"--large-name65--","ReusingBuildSecondHashJoinIterator(MutableObjectIterator<V1>,MutableObjectIterator<V2>,TypeSerializer<V1>,TypeComparator<V1>,TypeSerializer<V2>,TypeComparator<V2>,TypePairComparator<V1,V2>,MemoryManager,IOManager,AbstractInvokable,double,boolean,boolean,boolean)"
"--large-name4--","SortMergeCoGroupIterator(MemoryManager,IOManager,MutableObjectIterator<T1>,MutableObjectIterator<T2>,TypeSerializer<T1>,TypeComparator<T1>,TypeComparator<T1>,TypeSerializer<T2>,TypeComparator<T2>,TypeComparator<T2>,TypePairComparator<T1,T2>,long,int,float,LocalStrategy,AbstractTask)"
"--large-name14--","BuildFirstReOpenableHashMatchIterator(MutableObjectIterator<V1>,MutableObjectIterator<V2>,TypeSerializer<V1>,TypeComparator<V1>,TypeSerializer<V2>,TypeComparator<V2>,TypePairComparator<V2,V1>,MemoryManager,IOManager,AbstractInvokable,double)"
"--large-name39--","ReusingBuildSecondHashMatchIterator(MutableObjectIterator<V1>,MutableObjectIterator<V2>,TypeSerializer<V1>,TypeComparator<V1>,TypeSerializer<V2>,TypeComparator<V2>,TypePairComparator<V1,V2>,MemoryManager,IOManager,AbstractInvokable,double,boolean)"
"--large-name94--","RuntimeEnvironment(JobID,JobVertexID,ExecutionAttemptID,ExecutionConfig,TaskInfo,Configuration,Configuration,ClassLoader,MemoryManager,IOManager,BroadcastVariableManager,AccumulatorRegistry,TaskKvStateRegistry,InputSplitProvider,Map<String,Future<Path>>,ResultPartitionWriter[],InputGate[],ActorGateway,TaskManagerRuntimeInfo,TaskMetricGroup,Task)"
"--large-name25--","RuntimeEnvironment(JobID,JobVertexID,ExecutionAttemptID,String,String,int,int,Configuration,Configuration,ClassLoader,MemoryManager,IOManager,BroadcastVariableManager,InputSplitProvider,Map<String,Future<Path>>,ResultPartitionWriter[],InputGate[],ActorRef)"
"--large-name19--","NonReusingBuildFirstReOpenableHashMatchIterator(MutableObjectIterator<V1>,MutableObjectIterator<V2>,TypeSerializer<V1>,TypeComparator<V1>,TypeSerializer<V2>,TypeComparator<V2>,TypePairComparator<V2,V1>,MemoryManager,IOManager,AbstractInvokable,double)"
"--large-name31--","NonReusingMergeOuterJoinIterator(OuterJoinType,MutableObjectIterator<T1>,MutableObjectIterator<T2>,TypeSerializer<T1>,TypeComparator<T1>,TypeSerializer<T2>,TypeComparator<T2>,TypePairComparator<T1,T2>,MemoryManager,IOManager,int,AbstractInvokable)"
"--large-name80--","RuntimeEnvironment(JobID,JobVertexID,ExecutionAttemptID,ExecutionConfig,TaskInfo,Configuration,Configuration,ClassLoader,MemoryManager,IOManager,BroadcastVariableManager,AccumulatorRegistry,InputSplitProvider,Map<String,Future<Path>>,ResultPartitionWriter[],InputGate[],ActorGateway,TaskManagerRuntimeInfo,TaskMetricGroup)"
"--large-name76--","TaskDeploymentDescriptor(JobID,JobVertexID,ExecutionAttemptID,SerializedValue<ExecutionConfig>,String,int,int,int,Configuration,Configuration,String,List<ResultPartitionDeploymentDescriptor>,List<InputGateDeploymentDescriptor>,List<BlobKey>,List<URL>,int)"
"--large-name89--","EvictingWindowOperator(WindowAssigner<? super IN,W>,TypeSerializer<W>,KeySelector<IN,K>,TypeSerializer<K>,StateDescriptor<? extends ListState<StreamRecord<IN>>,?>,InternalWindowFunction<Iterable<IN>,OUT,K,W>,Trigger<? super IN,? super W>,Evictor<? super IN,? super W>,long)"
"--large-name10--","GraphIterationOperator(DataSet<Tuple2<VertexKey,VertexValue>>,DataSet<EdgeType>,VertexUpdateUdf<VertexKey,VertexValue,Message>,CoGroupFunction<EdgeType,Tuple2<VertexKey,VertexValue>,Tuple2<VertexKey,Message>>,TypeInformation<Message>,Map<String,Class<? extends Aggregator<?>>>,int)"
"--large-name46--","NonReusingBuildFirstReOpenableHashJoinIterator(MutableObjectIterator<V1>,MutableObjectIterator<V2>,TypeSerializer<V1>,TypeComparator<V1>,TypeSerializer<V2>,TypeComparator<V2>,TypePairComparator<V2,V1>,MemoryManager,IOManager,AbstractInvokable,double,boolean,boolean)"
"--large-name28--","RuntimeEnvironment(JobID,JobVertexID,ExecutionAttemptID,String,String,int,int,Configuration,Configuration,ClassLoader,MemoryManager,IOManager,BroadcastVariableManager,AccumulatorRegistry,InputSplitProvider,Map<String,Future<Path>>,ResultPartitionWriter[],InputGate[],ActorGateway,RuntimeConfiguration)"
"--large-name88--","verifyResultsIdealCircumstances(OneInputStreamTaskTestHarness<Tuple3<String,Integer,Integer>,Tuple3<String,Integer,Integer>>,OneInputStreamTask<Tuple3<String,Integer,Integer>,Tuple3<String,Integer,Integer>>,CassandraTupleWriteAheadSink<Tuple3<String,Integer,Integer>>)"
"--large-name8--","SortMergeMatchIterator(MutableObjectIterator<T1>,MutableObjectIterator<T2>,TypeSerializer<T1>,TypeComparator<T1>,TypeSerializer<T2>,TypeComparator<T2>,TypePairComparator<T1,T2>,MemoryManager,IOManager,long,int,float,float,LocalStrategy,AbstractInvokable)"
"--large-name27--","RuntimeEnvironment(JobID,JobVertexID,ExecutionAttemptID,String,String,int,int,Configuration,Configuration,ClassLoader,MemoryManager,IOManager,BroadcastVariableManager,AccumulatorRegistry,InputSplitProvider,Map<String,Future<Path>>,ResultPartitionWriter[],InputGate[],ActorGateway)"
"--large-name22--","ReusingBuildFirstReOpenableHashMatchIterator(MutableObjectIterator<V1>,MutableObjectIterator<V2>,TypeSerializer<V1>,TypeComparator<V1>,TypeSerializer<V2>,TypeComparator<V2>,TypePairComparator<V2,V1>,MemoryManager,IOManager,AbstractInvokable,double)"
"--large-name74--","enableSnapshotCheckpointing(long,long,long,int,List<ExecutionJobVertex>,List<ExecutionJobVertex>,List<ExecutionJobVertex>,ActorSystem,UUID,CheckpointIDCounter,CompletedCheckpointStore,RecoveryMode,StateStore<CompletedCheckpoint>,CheckpointStatsTracker)"
"--large-name49--","ReusingBuildFirstHashJoinIterator(MutableObjectIterator<V1>,MutableObjectIterator<V2>,TypeSerializer<V1>,TypeComparator<V1>,TypeSerializer<V2>,TypeComparator<V2>,TypePairComparator<V2,V1>,MemoryManager,IOManager,AbstractInvokable,double,boolean,boolean)"
"--large-name59--","NonReusingBuildFirstHashJoinIterator(MutableObjectIterator<V1>,MutableObjectIterator<V2>,TypeSerializer<V1>,TypeComparator<V1>,TypeSerializer<V2>,TypeComparator<V2>,TypePairComparator<V2,V1>,MemoryManager,IOManager,AbstractInvokable,double,boolean,boolean,boolean)"
"--large-name44--","getReusingOuterJoinIterator(DriverStrategy,MutableObjectIterator<IT1>,MutableObjectIterator<IT2>,TypeSerializer<IT1>,TypeComparator<IT1>,TypeSerializer<IT2>,TypeComparator<IT2>,TypePairComparatorFactory<IT1,IT2>,MemoryManager,IOManager,double)"
"--large-name54--","TaskDeploymentDescriptor(JobID,JobVertexID,ExecutionAttemptID,String,int,int,Configuration,Configuration,String,List<ResultPartitionDeploymentDescriptor>,List<InputGateDeploymentDescriptor>,List<BlobKey>,List<URL>,int,SerializedValue<StateHandle<?>>,long)"
"--large-name63--","ReusingBuildFirstHashJoinIterator(MutableObjectIterator<V1>,MutableObjectIterator<V2>,TypeSerializer<V1>,TypeComparator<V1>,TypeSerializer<V2>,TypeComparator<V2>,TypePairComparator<V2,V1>,MemoryManager,IOManager,AbstractInvokable,double,boolean,boolean,boolean)"
"--large-name90--","TaskDeploymentDescriptor(JobID,String,JobVertexID,ExecutionAttemptID,SerializedValue<ExecutionConfig>,String,int,int,int,Configuration,Configuration,String,List<ResultPartitionDeploymentDescriptor>,List<InputGateDeploymentDescriptor>,List<BlobKey>,List<URL>,int,SerializedValue<StateHandle<?>>)"
"--large-name84--","verifyResultsDataPersistenceUponMissedNotify(OneInputStreamTaskTestHarness<Tuple3<String,Integer,Integer>,Tuple3<String,Integer,Integer>>,OneInputStreamTask<Tuple3<String,Integer,Integer>,Tuple3<String,Integer,Integer>>,CassandraIdempotentExactlyOnceSink<Tuple3<String,Integer,Integer>>)"
"--large-name51--","ReusingBuildSecondHashJoinIterator(MutableObjectIterator<V1>,MutableObjectIterator<V2>,TypeSerializer<V1>,TypeComparator<V1>,TypeSerializer<V2>,TypeComparator<V2>,TypePairComparator<V1,V2>,MemoryManager,IOManager,AbstractInvokable,double,boolean,boolean)"
"--large-name37--","ReusingBuildFirstHashMatchIterator(MutableObjectIterator<V1>,MutableObjectIterator<V2>,TypeSerializer<V1>,TypeComparator<V1>,TypeSerializer<V2>,TypeComparator<V2>,TypePairComparator<V2,V1>,MemoryManager,IOManager,AbstractInvokable,double,boolean)"
"--large-name100--","Task(TaskDeploymentDescriptor,MemoryManager,IOManager,NetworkEnvironment,BroadcastVariableManager,TaskManagerConnection,InputSplitProvider,CheckpointResponder,LibraryCacheManager,FileCache,TaskManagerRuntimeInfo,TaskMetricGroup,ResultPartitionConsumableNotifier,PartitionStateChecker,Executor)"
"--large-name42--","TaskDeploymentDescriptor(JobID,JobVertexID,ExecutionAttemptID,String,int,int,Configuration,Configuration,String,List<ResultPartitionDeploymentDescriptor>,List<InputGateDeploymentDescriptor>,List<BlobKey>,List<URL>,int,SerializedValue<StateHandle<?>>)"
"--large-name24--","verifyBranchingJoiningPlan(ExecutionMode,DataExchangeMode,DataExchangeMode,DataExchangeMode,DataExchangeMode,DataExchangeMode,DataExchangeMode,DataExchangeMode,DataExchangeMode,DataExchangeMode,DataExchangeMode,DataExchangeMode,DataExchangeMode,DataExchangeMode,DataExchangeMode)"
"--large-name18--","NonReusingBuildFirstHashMatchIterator(MutableObjectIterator<V1>,MutableObjectIterator<V2>,TypeSerializer<V1>,TypeComparator<V1>,TypeSerializer<V2>,TypeComparator<V2>,TypePairComparator<V2,V1>,MemoryManager,IOManager,AbstractInvokable,double)"
"--large-name57--","TaskDeploymentDescriptor(ApplicationID,JobID,JobVertexID,ExecutionAttemptID,String,int,int,int,Configuration,Configuration,String,List<ResultPartitionDeploymentDescriptor>,List<InputGateDeploymentDescriptor>,List<BlobKey>,List<URL>,int,SerializedValue<StateHandle<?>>,long)"
"--large-name41--","getNonReusingOuterJoinIterator(DriverStrategy,MutableObjectIterator<IT1>,MutableObjectIterator<IT2>,TypeSerializer<IT1>,TypeComparator<IT1>,TypeSerializer<IT2>,TypeComparator<IT2>,TypePairComparatorFactory<IT1,IT2>,MemoryManager,IOManager,int)"
"--large-name7--","SortMergeMatchIterator(MutableObjectIterator<T1>,MutableObjectIterator<T2>,TypeSerializer<T1>,TypeComparator<T1>,TypeSerializer<T2>,TypeComparator<T2>,TypePairComparator<T1,T2>,MemoryManager,IOManager,long,int,float,LocalStrategy,AbstractInvokable)"
"--large-name85--","verifyResultsIdealCircumstances(OneInputStreamTaskTestHarness<Tuple3<String,Integer,Integer>,Tuple3<String,Integer,Integer>>,OneInputStreamTask<Tuple3<String,Integer,Integer>,Tuple3<String,Integer,Integer>>,CassandraIdempotentExactlyOnceSink<Tuple3<String,Integer,Integer>>)"
"--large-name99--","Task(TaskDeploymentDescriptor,MemoryManager,IOManager,NetworkEnvironment,JobManagerCommunicationFactory,BroadcastVariableManager,TaskManagerConnection,InputSplitProvider,CheckpointResponder,LibraryCacheManager,FileCache,TaskManagerRuntimeInfo,TaskMetricGroup)"
"--large-name69--","EvictingWindowOperator(WindowAssigner<? super IN,W>,TypeSerializer<W>,KeySelector<IN,K>,TypeSerializer<K>,StateDescriptor<? extends ListState<StreamRecord<IN>>,?>,WindowFunction<Iterable<IN>,OUT,K,W>,Trigger<? super IN,? super W>,Evictor<? super IN,? super W>)"
"--large-name2--","SortMergeMatchIterator(MutableObjectIterator<T1>,MutableObjectIterator<T2>,TypeSerializer<T1>,TypeComparator<T1>,TypeSerializer<T2>,TypeComparator<T2>,TypePairComparator<T1,T2>,MemoryManager,IOManager,long,int,float,LocalStrategy,AbstractTask)"
"--large-name30--","AbstractMergeOuterJoinIterator(OuterJoinType,MutableObjectIterator<T1>,MutableObjectIterator<T2>,TypeSerializer<T1>,TypeComparator<T1>,TypeSerializer<T2>,TypeComparator<T2>,TypePairComparator<T1,T2>,MemoryManager,IOManager,int,AbstractInvokable)"
"--large-name40--","ReusingBuildSecondReOpenableHashMatchIterator(MutableObjectIterator<V1>,MutableObjectIterator<V2>,TypeSerializer<V1>,TypeComparator<V1>,TypeSerializer<V2>,TypeComparator<V2>,TypePairComparator<V1,V2>,MemoryManager,IOManager,AbstractInvokable,double,boolean)"
"--large-name55--","TaskDeploymentDescriptor(JobID,JobVertexID,ExecutionAttemptID,String,int,int,int,Configuration,Configuration,String,List<ResultPartitionDeploymentDescriptor>,List<InputGateDeploymentDescriptor>,List<BlobKey>,List<URL>,int,SerializedValue<StateHandle<?>>,long)"
"--large-name96--","TaskDeploymentDescriptor(JobID,String,JobVertexID,ExecutionAttemptID,SerializedValue<ExecutionConfig>,String,int,int,int,int,Configuration,Configuration,String,List<ResultPartitionDeploymentDescriptor>,List<InputGateDeploymentDescriptor>,List<BlobKey>,List<URL>,int)"
"--large-name15--","BuildSecondReOpenableHashMatchIterator(MutableObjectIterator<V1>,MutableObjectIterator<V2>,TypeSerializer<V1>,TypeComparator<V1>,TypeSerializer<V2>,TypeComparator<V2>,TypePairComparator<V1,V2>,MemoryManager,IOManager,AbstractInvokable,double)"
"--large-name72--","TaskDeploymentDescriptor(JobID,JobVertexID,ExecutionAttemptID,ExecutionConfig,String,int,int,int,Configuration,Configuration,String,List<ResultPartitionDeploymentDescriptor>,List<InputGateDeploymentDescriptor>,List<BlobKey>,List<URL>,int,SerializedValue<StateHandle<?>>,long)"
"--large-name75--","enableSnapshotCheckpointing(long,long,long,int,int,List<ExecutionJobVertex>,List<ExecutionJobVertex>,List<ExecutionJobVertex>,ActorSystem,UUID,CheckpointIDCounter,CompletedCheckpointStore,RecoveryMode,StateStore<CompletedCheckpoint>,CheckpointStatsTracker)"
"--large-name11--","types(Class<T0>,Class<T1>,Class<T2>,Class<T3>,Class<T4>,Class<T5>,Class<T6>,Class<T7>,Class<T8>,Class<T9>,Class<T10>,Class<T11>,Class<T12>,Class<T13>,Class<T14>,Class<T15>,Class<T16>,Class<T17>,Class<T18>,Class<T19>,Class<T20>,Class<T21>,Class<T22>)"
"--large-name98--","RuntimeEnvironment(JobID,JobVertexID,ExecutionAttemptID,ExecutionConfig,TaskInfo,Configuration,Configuration,ClassLoader,MemoryManager,IOManager,BroadcastVariableManager,AccumulatorRegistry,TaskKvStateRegistry,InputSplitProvider,Map<String,Future<Path>>,ResultPartitionWriter[],InputGate[],CheckpointResponder,TaskManagerRuntimeInfo,TaskMetricGroup,Task)"
"--large-name20--","NonReusingBuildSecondHashMatchIterator(MutableObjectIterator<V1>,MutableObjectIterator<V2>,TypeSerializer<V1>,TypeComparator<V1>,TypeSerializer<V2>,TypeComparator<V2>,TypePairComparator<V1,V2>,MemoryManager,IOManager,AbstractInvokable,double)"
"--large-name53--","EvictingWindowOperator(WindowAssigner<? super IN,W>,TypeSerializer<W>,KeySelector<IN,K>,TypeSerializer<K>,WindowBufferFactory<? super IN,? extends EvictingWindowBuffer<IN>>,WindowFunction<IN,OUT,K,W>,Trigger<? super IN,? super W>,Evictor<? super IN,? super W>)"
"--large-name62--","NonReusingBuildSecondReOpenableHashJoinIterator(MutableObjectIterator<V1>,MutableObjectIterator<V2>,TypeSerializer<V1>,TypeComparator<V1>,TypeSerializer<V2>,TypeComparator<V2>,TypePairComparator<V1,V2>,MemoryManager,IOManager,AbstractInvokable,double,boolean,boolean,boolean)"